Continent,Region,Latitute,Longitude,Site name,Industry,cultural attribution uncertain,size of the assemblage,controversial?,date start,date end,range of dates,type of dating,quality of dating,,pre 1.8,1.8-1.3,1.3-0.78,0.77-0.51,past 0.5,reliability,references,notes
Africa,East Africa,11.068918,40.37942,Dikika 55,cut marks,1,2,1,3.39,3.39,0,"Ar/Ar, geol",1,surface,1,,,,,3,"McPherron, S.P., Alemseged, Z., Marean, C.W., Wynn, J.G., Reed, D., Geraads, D., Bobe, R., Béarat, H. a, 2010. Evidence for stone-tool-assisted consumption of fauna tissues before 3.39 million years ago at Dikika, Ethiopia. Nature. 466, 857–860.",
Africa,East Africa,3.916191,35.836858,Lomekwi 3,Mode 1,1,19,1,3.3,3.3,0,"geol, paleomag",1,excavated,1,,,,,3,"Harmand, S., Lewis, J.E., Feibel, C.S., Lepre, C.J., Prat, S., Lenoble, A., Boës, X., Quinn, R.L., Brenet, M., Arroyo, A., Taylor, N., Clément, S., Daver, G., Brugal, J.-P., Leakey, L., Mortlock, R. a., Wright, J.D., Lokorodi, S., Kirwa, C., Kent, D. V., Roche, H., 2015. 3.3-million-year-old stone tools from Lomekwi 3, West Turkana, Kenya. Nature. 521, 310–315.",128 surface finds
Africa,East Africa,11.068581,40.305018,"Gona (EG-10, EG-12, OGS-7)",Mode 1,0,2000,0,2.6,2.6,0,"geol, paleomag",1,excavated,1,,,,,1,"Semaw, S., Rennek, P.R., Harris, J.W.K., Feibel, C.S., Bernor, R.L., Fesseha, N., Mowbray, K., 1997. 2.5-million-year-old stone tools from Gona, Ethiopia. Nature.",
Africa,East Africa,4.055086,35.462007,Kokiselei 4,Mode 2,0,191,0,1.76,1.76,0,"Ar/Ar, geol, paleomag",1,excavated,,1,,,,1,"Lepre, C.J., Roche, H., Kent, D. V., Harmand, S., Quinn, R.L., Brugal, J.-P., Texier, J.-P., Lenoble, A., Feibel, C.S., 2011. An earlier origin for the Acheulian. Nature. 477, 82–85.",
Africa,East Africa,3.955366,35.824356,Lokalalei 2C,Mode 1,0,2614,0,2.34,2.34,0,geol,2,excavated,1,,,,,2,"Delagnes, A., Roche, H., 2005. Late Pliocene hominid knapping skills: The case of Lokalalei 2C, West Turkana, Kenya. Journal of Human Evolution. 48, 435–472.","Roche, H, a Delagnes, J P Brugal, C Feibel, M Kibunjia, V Mourre, and P J Texier. 1999. “Early Hominid Stone Tool Production and Technical Skill 2.34 Myr Ago in West Turkana, Kenya.” Nature 399 (6731): 57–60. doi:10.1038/19959."
Africa,East Africa,4.807093,36.068433,Omo 57 and 123,Mode 1,0,1812,0,2.3,2.3,0,geol,1,excavated,1,,,,,1,"De la Torre, I., 2004. Omo Revisited. Current Anthropology. 45, 439–465.",
Africa,East Africa,3.947189,36.252454,"Koobi Fora FxJj1, FxJj3, FxJj10",Mode 1,0,151,0,1.89,1.65,0.24,geol,1,excavated,1,1,,,,1,"Isaac, G. 1997. Koobi Fora Research Project, Volume 5: Plio-Pleistocene Archaeology. Oxford: Clarendon Press.",
Africa,East Africa,4.492276,36.246961,Fejej Fj1A,Mode 1,0,4000,0,1.9,1.9,0,"ESR, paleomag, geol",1,excavated,1,,,,,1,"Barsky, Deborah, Cécile Chapon-Sao, Jean Jacques Bahain, Yonas Beyene, Dominique Cauche, Vincenzo Celiberti, Emmanuel Desclaux, et al. 2011. “The Early Oldowan Stone-Tool Assemblage from Fejej FJ-1a, Ethiopia.” Journal of African Archaeology 9 (2): 207–224. doi:10.3213/2191-5784-10196.",
Africa,East Africa,8.704261,38.598759,"Melka Kunture Gombore I, Garba IV, Karre I, and Kella III",Mode 1,0,10000,0,1.7,1.7,0,"Ar/Ar, paleomag, geol",1,excavated,,1,,,,1,"Chavaillon, Jean, and Marcello Piperno. 2004. Studies on the Early Paleolithic Site of Melka Kunture, Ethiopia. Florence: Istituto Italiano di Preistoria e Protostoria. doi:10.1002/cyto.a.20902. http://discovery.ucl.ac.uk/183639/.",
Africa,East Africa,8.704261,38.598759,Melka Kunture Garba IVD,Mode 2,0,9821,1,1.5,1.5,0,"geol, K/Ar, paleomag",2,excavated,,1,,,,2,"Gallotti, Rosalia. 2013. “An Older Origin for the Acheulean at Melka Kunture (Upper Awash, Ethiopia): Techno-Economic Behaviours at Garba IVD.” Journal of Human Evolution 65 (5): 594–620. doi:10.1016/j.jhevol.2013.07.001. http://dx.doi.org/10.1016/j.jhevol.2013.07.001.",may not be acheulean
Africa,East Africa,0.339773,29.615127,Senga 5,Mode 1,0,1004,0,2.34,2.34,0,fauna,4,excavated,1,,,,,3,"Harris, John W. K., Peter G. Williamson, Jacques Verniers, Martha Tappen, Kathleen Stewart, David Helgren, Jean de Heinzelin, Noel T. Boaz, and R Bellomo. 1987. “Late Pliocene Hominid Occupation in Central Africa: The Setting, Context, and Character of the Senga 5A Site, Zaire.” Journal of Human Evolution 16 (7-8): 701–728.",
Africa,East Africa,-2.989651,35.354872,Olduvai Bed I and Lower Bed II,Mode 1,0,10000,0,1.87,1.75,0.12,"K/Ar, Ar/Ar, paleomag, geol",1,excavated,1,1,,,,1,"Torre, Ignacio De, and Rafael Mora. 2007. Technological Strategies in the Lower Pleistocene at Olduvai Beds I and II. Liège: Université de Liège.",
Africa,East Africa,0.64963,36.194154,Chesowanja,Mode 1,0,1000,0,1.49,1.49,0,"K/Ar, geol",1,excavated,,1,,,,1,"Gowlett, John A. J., John W. K. Harris, D. Walton, and Bernard A. Wood. 1981. “Early Archaeological Sites, Hominid Remains and Traces of Fire from Chesowanja, Kenya.” Nature 294: 125–129.",
Africa,East Africa,7.009993,39.340061,Gadeb 2,Mode 1,0,3337,0,1.47,0.7,0.77,"K/Ar, geol",2,excavated,,1,1,1,,3,"De la Torre Ignacio, I. 2011. “The Early Stone Age Lithic Assemblages of Gadeb (Ethiopia) and the Developed Oldowan/early Acheulean in East Africa.” Journal of Human Evolution 60 (6): 768–812. doi:10.1016/j.jhevol.2011.01.009.",
Africa,East Africa,-2.343887,35.958359,Peninj ST,Mode 1,0,354,0,1.6,1.4,0.2,"K/Ar, paleomag",1,excavated,,1,,,,1,"De la Torre, Ignacio, Rafael Mora, Manuel Domínguez-Rodrigo, Luis de Luque, and Luis Alcalá. 2003. “The Oldowan Industry of Peninj and Its Bearing on the Reconstruction of the Technological Skills of Lower Pleistocene Hominids.” Journal of Human Evolution 44 (2): 203–224. doi:10.1016/S0047-2484(02)00206-3.",
Africa,East Africa,5.340788,37.43283,Konso-Gardula,Mode 2,0,150,0,1.75,1.75,0,"Ar/Ar, geol",1,excavated,,1,,,,1,"Asfaw, Berhane, Yonas Beyene, Gen Suwa, Robert C. Walter, Tim D. White, Giday Woldegabriel, and Tesfaye Yemane. 1992. “The Earliest Acheulean from Konso-Gardula.” Nature 360: 732–735.",
Africa,East Africa,-2.343887,35.958359,"Peninj RHS, MHS",Mode 2,0,556,0,1.5,1.5,0,"Ar/Ar, geol",2,excavated,,1,,,,2,"Torre, Ignacio De La, Rafael Mora, and Jorge Martínez-Moreno. 2008. “The Early Acheulean in Peninj (Lake Natron, Tanzania).” Journal of Anthropological Archaeology 27 (2) (June): 244–264. doi:10.1016/j.jaa.2007.12.001. http://linkinghub.elsevier.com/retrieve/pii/S0278416507000530.",
Africa,East Africa,-2.989651,35.354872,"Olduvai Bed II, EF-HR and TK",Mode 2,0,2462,0,1.5,1.5,0,"K/Ar, Ar/Ar, paleomag, geol",1,excavated,,1,,,,1,"Torre, Ignacio De, and Rafael Mora. 2007. Technological Strategies in the Lower Pleistocene at Olduvai Beds I and II.",
Africa,East Africa,11.068581,40.305018,"Gona BSN-12, OGS-5 and OGS-12",Mode 2,0,500,0,1.6,1.6,0,Ar/geol,2,excavated,,1,,,,2,"Quade, Jay, Naomi Levin, Sileshi Semaw, Dietrich Stout, Paul Renne, Michael Rogers, and Scott Simpson. 2004. “Paleoenvironments of the Earliest Stone Toolmakers, Gona, Ethiopia.” Bulletin of the Geological Society of America 116 (11-12): 1529–1544. doi:10.1130/B25358.1.",
Africa,North Africa,36.2775,8.316667,Aïn Hanech + El Kherba,Mode 1,0,2667,1,1.8,1,0.8,paleomag; fauna,4,excavated,,1,1,,,3,"Sahnouni, Mohamed, Jan Van Der Made, and Melanie Everett. 2010. “Early North Africa: Chronology, Ecology, and Hominin Behavior: Insights from Ain Hanech and El-Kherba, Northeastern Algeria.” Quaternary International 223-224: 436–438. doi:10.1016/j.quaint.2009.07.016. http://dx.doi.org/10.1016/j.quaint.2009.07.016.",
Africa,North Africa,33.570291,-7.700772,Thomas Quarry,Mode 2,0,400,0,1,1,0,fauna,2,excavated,,,1,,,2,geol; paleomag; fauna,
Africa,North Africa,33.570291,-7.700772,Rhinocerous Cave,Mode 2,0,3485,0,0.5,0.5,0,OSL; ESR; U-series,1,excavated,,,,,1,1,"Raynal, Jean Paul., Fatima Zohra Sbihi Alaoui, Denis Geraads, Lionel Magoga, and A. Mohi. 2001. “The Earliest Occupation of North-Africa: The Moroccan Perspective.” Quaternary International 75 (1) (January): 65–75. doi:10.1016/S1040-6182(00)00078-1. http://linkinghub.elsevier.com/retrieve/pii/S1040618200000781.",
Africa,North Africa,33.570291,-7.700772,Homind Cave,Mode 2,0,213,0,0.5,0.4,0.1,OSL; ESR; laser-ablation ICP-MS,1,excavated,,,,,1,1,"Raynal, Jean-paul, Fatima-zohra Sbihi-alaoui, Abderrahim Mohib, Mosshine El, David Lefèvre, Jean-pierre Texier, Denis Geraads, et al. 2010. “Hominid Cave at Thomas Quarry I (Casablanca, Morocco ): Recent Findings and Their Context.” Quaternary International 223-224: 369–382. doi:10.1016/j.quaint.2010.03.011. http://dx.doi.org/10.1016/j.quaint.2010.03.011.",
Africa,North Africa,36.360155,6.642433,Mansourah,Mode 1,0,200,1,1.8,1,0.8,fauna,4,excavated,,1,1,,,3,"Chaid-Saoudi, Yasmina, Denis Geraads, and Jean-Paul Raynal. 2006. “The Fauna and Associated Artefacts from the Lower Pleistocene Site of Mansourah (Constantine, Algeria).” Comptes Rendus Palevol 5: 963–971. doi:10.1016/j.crpv.2006.08.001.",
Africa,North Africa,35.415434,0.329645,Tighenif,Mode 2,0,2200,1,0.7,0.7,0,fauna; paleomag,4,excavated,,,,1,,3,"Geraads, Denis, Jean-Jacques Hublin, Jean-Jacques Jaeger, Haiyan Tong, Sevket Sen, and Philippe Toubeau. 1986. “The Pleistocene Hominid Site of Ternifine, Algeria: New Results on the Environment, Age, and Human Industries.” Quaternary Research 25: 380–386. doi:10.1016/0033-5894(86)90008-6.",
Africa,South Africa,-26.017298,27.733698,Sterkfontein,Mode 1,0,3500,0,2.1,2.1,0,ESR,1,excavated,1,,,,,1,"Kuman, Kathleen, and Ronald J. Clarke. 2000. “Stratigraphy, Artefact Industries and Hominid Associations for Sterkfontein, Member 5.” Journal of Human Evolution 38: 827–847. doi:10.1006/jhev.1999.0392.",
Africa,South Africa,-26.017298,27.733698,Sterkfontein,Mode 2,0,635,0,1.5,1.5,0,fauna,1,excavated,,1,,,,1,"Kuman, Kathleen. 2003. “The Earliest South African Industries.” In Early Human Behaviour in Global Context: The Rise and Diversity of the Lower Paleolithic Period, edited by Michael D. Petraglia and Ravi Korisettar, 151–86. London and New York: Routledge.",
Africa,South Africa,-26.019091,27.718892,Swartkrans,Mode 1,0,1000,0,1.82,1.8,0.02,"U/Pb, ESR, fauna",1,excavated,1,,,,,1,"Pickering, Travis Rayne, Jason L. Heaton, Ronald J. Clarke, Morris B. Sutton, C. K. Brain, and Kathleen Kuman. 2012. “New Hominid Fossils from Member 1 of the Swartkrans Formation, South Africa.” Journal of Human Evolution 62 (5): 618–628. doi:10.1016/j.jhevol.2012.02.003. http://dx.doi.org/10.1016/j.jhevol.2012.02.003.",
Africa,South Africa,-26.011388,27.749722,Kromdraai,Mode 2,0,100,0,1.82,1.8,0.02,fauna;  isochron burial dating with cosmogenic aluminium-26 and beryllium-10,3,excavated,1,,,,,2,"Kuman, Kathleen, Scott A Field, and J. Francis Thackeray. 1997. “Discovery of New Artefacts at Kromdraai.” South African Journal of Science 93: 187–93.",
Africa,South Africa,-30.083333,18.25,Elandsfontein,Mode 2,0,160,0,0.7,0.4,0.3,fauna; palaeomag,2,excavated,,,,1,1,2,"Klein, Richard G., Graham Avery, Kathryn Cruz-Uribe, and Teresa E. Steele. 2007. “The Mammalian Fauna Associated with an Archaic Hominin Skullcap and Later Acheulean Artifacts at Elandsfontein, Western Cape Province, South Africa.” Journal of Human Evolution 52 (2): 164–86. doi:10.1016/j.jhevol.2006.08.006.",
Africa,South Africa,-25.966897,27.652069,Maropeng,Mode 2,0,200,0,1.1,1,0.1,tech,4,excavated,,,1,,,3,"Pollarolo, Luca, George J. Susino, Kathleen Kuman, and Laurent Bruxelles. 2010. “Acheulian Artefacts at Maropeng in the Cradle of Humankind World Heritage Site, Guateng Province, South Africa.” South African Archaeological Bulletin 65 (191): 3–12.",
Africa,South Africa,-28.304664,24.678669,lower Vaal River Basin,Mode 2,0,465,0,1.57,1.57,0,Al/Be,1,excavated,,1,,,,1,"Gibbon, Ryan J., Darryl E. Granger, Kathleen Kuman, and Timothy C. Partridge. 2009. “Early Acheulean Technology in the Rietputs Formation, South Africa, Dated with Cosmogenic Nuclides.” Journal of Human Evolution 56 (2): 152–160. doi:10.1016/j.jhevol.2008.09.006. http://dx.doi.org/10.1016/j.jhevol.2008.09.006.",
Asia,Anatolia,38.245128,31.915283,Dursunlu,Mode 1,0,135,0,0.99,0.79,0.2,paleomag; fauna,2,semi-excavated,,,1,,,2,"Güleç, Erksin, Tim White, Steven Kuhn, Ismail Özer, Mehmet Saǧır, Hakan Yılmax, and Clark Howell. 2009. “The Lower Pleistocene Lithic Assemblage from Dursunlu ( Konya ), Central Anatolia , Turkey.” Antiquity 83: 11–22.",
Asia,Anatolia,41.050827,28.746037,Yarımburgaz Cave,flake industries,0,1700,0,0.78,0.12,0.66,ESR; fauna,2,excavated,,,,1,1,3,"Kuhn, Steven L, and Mary C Stiner. 2010. “Culture and Biology in Transition: Summary of Findings and Conclusion.” In Culture and Biology at a Crossroads: The Middle Pleistocene Record of Yarimburgaz Cave (Thrace, Turkey), edited by F. Clark Howell, Güven Arsebük, Steven L. Kuhn, Özbaşaran Mihriban, and Mary C. Stiner. Istanbul: Ege Yayinlari.",
Asia,Anatolia,37.076481,30.570831,Karain Cave,flake industries,0,1000,0,0.4,0.3,0.1,geol,2,excavated,,,,,1,2,"Otte, M, I Yalçinkaya, J Kozlowski, O Bar-Yosef, I Lopez Bayón, and H Taskiran. 1998. “Long-Term Technical Evolution and Human Remains in the Anatolian Palaeolithic.” Journal of Human Evolution 34: 413–431.",assemblage size estimated
Asia,Anatolia,38.281784,34.57129497,Kaletepe Deresi 3,Mode 2,0,2681,0,1.48,0.44,1.04,"fission-track, K/Ar",1,excavated,,1,1,1,1,3,"Slimak, Ludovic, Hélène Roche, Damase Mouralis, Hijlke Buitenhuis, Nur Balkan-Atli, Didier Binder, Catherine Kuzucuoǧlu, and Michel Grenet. 2004. “Kalatepe Deresi 3 (Turquie), Aspects Archéologiques, Chronologiques et Paléontologiques D’une Séquence Pléistocène En Anatolie Centrale.” Comptes Rendus - Palevol 3: 411–420. doi:10.1016/j.crpv.2004.04.005.",
Asia,Anatolia,37.85453,29.361642,Kocabaş,hominin remains,1,0,,1.3,1.1,0.2,Ar/Ar,1,surface,,,1,,,3,"Kappelman, John, Mehmet Cihat Alçiçek, Nizamettin Kazancı, Michael Schultz, Mehmet Özkul, and Şevket Şen. 2008. “Brief Communication: First Homo Erectus from Turkey and Implications for Migrations into Temperate Eurasia.” American Journal of Physical Anthropology 135: 110–116. doi:10.1002/ajpa. Lebatard, Anne-Elisabeth, M. Cihat Alçiçek, Pierre Rochette, Samir Khatib, Amélie Vialet, Nicolas Boulbes, Didier L. Bourlès, et al. 2014. “Dating the Homo Erectus Bearing Travertine from Kocabaş (Denizli, Turkey) at at Least 1.1 Ma.” Earth and Planetary Science Letters 390 (March): 8–18. doi:10.1016/j.epsl.2013.12.031. http://linkinghub.elsevier.com/retrieve/pii/S0012821X13007462.",
Asia,Anatolia,38.430679,28.71852038,Gediz River,Mode 1,1,1,1,1.24,1.17,0.07,"Ar/Ar, geol",1,surface,,,1,,,3,"Maddy, Darrel, Danielle Schreve, Tuncer Demir, A. Tom Veldkamp, Jan R. Wijbrans, Wouter Van Gorp, Douwe J. J. Van Hinsbergen, et al. 2015. “The Earliest Securely-Dated Hominin Artefact in Anatolia ?” Quaternary Science Reviews 109: 68–75. doi:10.1016/j.quascirev.2014.11.021. http://dx.doi.org/10.1016/j.quascirev.2014.11.021.",
Asia,Arabia,30.309843,40.195111,Shuwayhitiyah,Mode 1,1,1517,1,0.78,0.12,0.66,tech,4,surface,,,,1,1,3,"Petraglia, Michael D. 2003. “The Lower Paleolithic of the Arabian Peninsula: Occupations , Adaptations, and Dispersals.” Journal of World Prehistory 17 (2): 141–179.",1517 over 16 localities
Asia,Arabia,21.55841,39.190155,Wadi Fatimah,Mode 2,0,2227,1,0.78,0.12,0.66,tech,4,surface,,,,1,1,3,"Petraglia, Michael D. 2003. “The Lower Paleolithic of the Arabian Peninsula: Occupations , Adaptations, and Dispersals.” Journal of World Prehistory 17 (2): 141–179.",2227 over 31 localities
Asia,Arabia,24.5167,44.418179,Dawadmi,Mode 2,0,2444,0,0.61,0.204,0.406,U/Th,1,surface,,,,1,1,3,"Petraglia, Michael D. 2003. “The Lower Paleolithic of the Arabian Peninsula: Occupations , Adaptations, and Dispersals.” Journal of World Prehistory 17 (2): 141–179.",11360 surface finds
Asia,Caucasus,41.329805,44.207312,Dmanisi,Mode 1,0,4446,0,1.77,1.77,0,"mag, fauna",1,excavated,,1,,,,1,"Delumley, H, M Nioradze, Deborah Barsky, Dominique Cauche, Vincenzo Celiberti, G Nioradze, Olivier Notter, et al. 2005. “Les Industries Lithiques Préoldowayennes Du Début Du Pléistocène Inférieur Du Site de Dmanissi En Géorgie.” L’Anthropologie 109 (1) (January): 1–182. doi:10.1016/j.anthro.2005.02.011. http://linkinghub.elsevier.com/retrieve/pii/S0003552105000129.",
Asia,Caucasus,42.861171,44.461617,Weasel Cave,Mode 2,1,10,1,0.6,0.5,0.1,"Ar/Ar, fauna",3,excavated,,,,1,1,3,"Hidjrati, Nazim I., Larry R. Kimball, and Todd Koetje. 2003. “Middle and Late Pleistocene Investigations of Myshtulagty Lagat (Weasel Cave) North Ossetia, Russia.” Antiquity Project Gallery. http://antiquity.ac.uk/projgall/hidjrati/.",assemblage size estimated
Asia,Caucasus,42.05,48.27,Darvagchai I,flake industries,0,1000,0,0.8,0.6,0.2,"fauna, geol",4,excavated,,,1,1,,3,"Derevianko, Anatoli P. 2006. “The Lower Paleolithic Small Tool Industry in Eurasia: Migration or Convergent Evolution?” Archaeology, Ethnology and Anthropology of Eurasia 25 (25): 2–32. doi:10.1134/S1563011006010014. http://www.springerlink.com/index/10.1134/S1563011006010014.",assemblage size estimated
Asia,Caucasus,42.369607,47.218216,Aynikab 1,Mode 1,0,1850,0,1.5,1.4,0.1,"fauna, geol",4,excavated,,1,,,,3,"Taymazov, Artur. 2011. “РАННИЕ ПАЛЕОЛИТИЧЕСКИЕ ИНДУСТРИИ ДОЛИНЫ РЕКИ УСИША (WTYNHFKMYSB̆ ДАГЕСТАН)(Early Paleolithic Industries from Usisha River Valley, Central Dagestan).” НАУЧНЫЕ ПРОБЛЕМЫ ГУМАНИТАРНЫХ ИССЛЕДОВАНИЙ 11: 69–.",
Asia,Caucasus,43.73,41.01,Treugol'naya Cave,flake industries,0,405,0,0.5,0.5,0,ESR,1,excavated,,,,,1,1,"Doronichev, Vladimir B. 2008. “The Lower Paleolithic in Eastern Europe and the Caucasus: A Reappraisal of the Data and New Approaches.” PaleoAnthropology: 107–157.",
Asia,Caucasus,41.4166666,44.466666,Akhalkalaki,Mode 2,1,20,0,0.98,0.78,0.2,fauna; paleomag,4,disturbed context,,,1,,,3,"Tappen, Martha, Daniel S. Adler, Reid Ferring, M. Gabunia, Abesalom Vekua, and Carl C. Swisher III. 2002. “Akhalkalaki: The Taphonomy of an Early Pleistocene Locality in the Republic of Georgia.” Journal of Archaeological Science 29 (12): 1367–91. doi:10.1006/jasc.2001.0797.",
Asia,Caucasus,42.5166666,43.633333,Kudaro,Mode 2,1,11,1,0.56,0.56,0,TL,3,excavated,,,,1,,3,"Ljubin, Vassilij P., and Gerhard Bosinski. 1995. “The Earliest Occupation of the Caucasus Region.” Analecta Praehistorica Leidensia 27: 207–53. http://scholar.google.com/scholar?hl=en&btnG=Search&q=intitle:The+earliest+occupation+of+the+Caucasus+region#0.",
Asia,Caucasus,39.6205555,46.97833333,Azykh,Mode 1,1,200,1,0.78,0.78,0,paleomag,4,excavated,,,1,,,3,"Ljubin, Vassilij P., and Gerhard Bosinski. 1995. “The Earliest Occupation of the Caucasus Region.” Analecta Praehistorica Leidensia 27: 207–53. http://scholar.google.com/scholar?hl=en&btnG=Search&q=intitle:The+earliest+occupation+of+the+Caucasus+region#0.",
Asia,Central Asia,43.375456,68.489645,Koshkurgan 1–2,flake industries,1,504,0,0.5,0.25,0.25,ESR,2,excavated,,,,,1,2,"Derevianko, Anatoli P. 2006. “The Lower Paleolithic Small Tool Industry in Eurasia: Migration or Convergent Evolution?” Archaeology, Ethnology and Anthropology of Eurasia 25 (25): 2–32. doi:10.1134/S1563011006010014. http://www.springerlink.com/index/10.1134/S1563011006010014.",
Asia,Central Asia,43.375456,68.489645,Shoktas 1–3,flake industries,1,549,0,0.5,0.45,0.05,ESR; fauna,2,excavated,,,,,1,2,"Derevianko, Anatoli P. 2006. “The Lower Paleolithic Small Tool Industry in Eurasia: Migration or Convergent Evolution?” Archaeology, Ethnology and Anthropology of Eurasia 25 (25): 2–32. doi:10.1134/S1563011006010014. http://www.springerlink.com/index/10.1134/S1563011006010014.",
Asia,Central Asia,38.274746,69.89101,Kul’dara,Mode 1,1,96,1,0.9,0.8,0.1,paleomag,3,excavated,,,1,,,2,"Ranov, Vadim a., Eudald Carbonell, and Xose Pedro Rodriguez. 1995. “Kuldara: Earliest Human Occupation in Central Asia in Its Afro-Asian Context.” Current Anthropology 36 (2): 337. doi:10.1086/204366.",
Asia,Central Asia,37.333333,69.25,Karatau and Lakhuti,Mode 1,0,600,0,0.6,0.5,0.1,geol; paleomag,3,excavated,,,,1,1,2,"Davis, Richard S, and Vadim A Ranov. 1999. “Recent Work on the Paleolithic of Central Asia.” Evolutionary Anthropology 8 (5): 186–193.",
Asia,Central Asia,33.800108,47.062919,Mar Gwergalan,Mode 1,1,22,0,0.78,0.12,0.66,tech,4,surface,,,,1,1,3,"Davoudi, D., B. Bazgir, R. Abbasnejad, D. Barsky, A. Oll??, and M. Otte. 2015. “The Lower Paleolithic of Iran: Probing New Finds from Mar Gwergalan Cave (Holeylan, Central Zagros).” Archaeology, Ethnology and Anthropology of Eurasia 43 (1). Elsevier Srl: 3–15. doi:10.1016/j.aeae.2015.07.002.",
Asia,Central Asia,41.54,69.35,Kyzyltau,Mode 1,1,10000,1,1,0.78,0.22,geol,4,surface,,,1,,,3,"Taimagambetov, Zhaken Kozhakhmetovich, Saya B. Alipova, Nazgul Kazhymuratovna Baigabatova, and Gulzhan Bolegenovna Tleubekova. 2013. “Studies of the Stone Industry at the Kyzyltau Lower Palaeolithic Site Of Southern Kazakhstan in Eurasia.” Middle-East Journal of Scientific Research 13 (5): 686–692. doi:10.5829/idosi.mejsr.2013.13.5.1939.",
Asia,Central Asia,51.3976,84.6762,Denisova Cave (units 22-21),flake industries,0,157,0,0.28,0.13,0.15,TL,3,excavated,,,,,1,2,"Derevianko, Anatoli P., and Michael V. Shunkov. 2009. “Development of Early Human Culture in Northern Asia.” Paleontological Journal 43 (8): 881–89. doi:10.1134/S0031030109080061.",
Asia,East Asia,44.71202778,101.1703889,Tsagaan Agui,Mode 1,1,5,1,0.78,0.12,0.66,RTL,4,excavated,,,,1,1,3,"Derevianko, Anatoli P., J. W. Olsen, D. Tseveendorj, A. I. Krivoshapkin, V. T. Petrin, and P. Jeffrey Brantingham. 2000. “The Stratified Cave Site of Tsagaan Agui in the Gobi Altai (Mongolia).” Archaeology, Ethnology and Anthropology of Eurasia 1: 23–36.",assemblage size estimated
Asia,East Asia,40.22277778,114.6697222,Donggutuo,Mode 1,0,1571,0,1.1,1.1,0,paleomag,2,excavated,,,1,,,2,"Hou, Yamei. 2008. “Le « Nucléus Donggutuo » et Sa Signification Dans L’industrie Du Paléolithique Inférieur de Donggutuo, Bassin de Nihewan, Chine Du Nord.” L’Anthropologie 112 (3): 457–71. doi:http://dx.doi.org/10.1016/j.anthro.2008.04.004.",
Asia,East Asia,40.25083333,114.668888,Shangshazui,Mode 1,0,24,0,1.7,1.6,0.1,paleomag,2,excavated,,1,,,,3,"Ao, Hong, Mark J Dekkers, Qi Wei, Xiaoke Qiang, and Guoqiao Xiao. 2013. “New Evidence for Early Presence of Hominids in North China.” Scientific Reports 3: 2403. doi:10.1038/srep02403.",
Asia,East Asia,32.67333333,111.121944,Shuangshu,Mode 2,0,676,0,0.8,0.7,0.1,ESR; paleomag,2,excavated,,,1,1,,2,"Li, Hao, Chao-rong Li, Kathleen Kuman, Jie Cheng, Hai-tao Yao, and Zhao Li. 2014. “The Middle Pleistocene Handaxe Site of Shuangshu in the Danjiangkou Reservoir Region, Central China.” Journal of Archaeological Science 52: 391–409. doi:10.1016/j.jas.2014.08.033. http://dx.doi.org/10.1016/j.jas.2014.08.033.",
Asia,East Asia,40.21681028,114.6502344,Majuangou,Mode 1,0,865,0,1.66,1.32,0.34,paleomag,2,excavated,,1,,,,2,"Zhu, R. X., R. Potts, F. Xie, K. A. Hoffman, C. L. Deng, C. D. Shi, Y. X. Pan, et al. 2004. “New Evidence on the Earliest Human Presence at High Northern Latitudes in Northeast Asia.” Nature 431: 559–562.",
Asia,East Asia,41.21666667,114.6666667,Goudi,Mode 1,0,50,,1.66,1.36,0.3,geol,4,excavated,,1,,,,3,"Gao, Xing, Qi Wei, Chen Shen, and Susan G. Keates. 2005. “Light on the Earliest Hominid Ocupation in East Asia.” Current Anthropology 46 (December S5): S115–120.",
Asia,East Asia,40.21670167,114.6501731,Xiantai,Mode 1,0,33,1,1.36,1.36,0,geol,4,excavated,,1,,,,3,"Deng, Chenglong, Qi Wei, Rixiang Zhu, Hongqiang Wang, Rui Zhang, Hong Ao, Liao Chang, and Yongxin Pan. 2006. “Magnetostratigraphic Age of the Xiantai Paleolithic Site in the Nihewan Basin and Implications for Early Human Colonization of Northeast Asia.” Earth and Planetary Science Letters 244: 336–48. doi:10.1016/j.epsl.2006.02.001.",
Asia,East Asia,30.06666667,109.0166667,Longgupo Cave,Mode 1,0,2,1,1.96,1.78,0.18,ESR; paleomag; fauna,2,excavated,1,1,,,,3,"Weiwen, Huang, and Zhang Pu. 2007. “Les plus Anciennes Occupations Humaines En Chine.” L’Anthropologie 111 (2) (April): 166–181. doi:10.1016/j.anthro.2007.03.001. http://linkinghub.elsevier.com/retrieve/pii/S0003552107000076.",
Asia,East Asia,34.18375,109.4899167,Gongwangling,Mode 1,0,200,0,1.62,1.62,0,paleomag,3,surface,,1,,,,3,"Feng, Xiaobo. 2008. “Stratégie de Débitage et Mode de Façonnage Des Industries Du Paléolithique Inférieur En Chine et En Europe Entre 1 Ma et 400 000 Ans: Ressemblances et Différences de La Culture de L’homme de Yunxian et Acheuléen Européen.” L’Anthropologie 112 (3): 423–47. doi:http://dx.doi.org/10.1016/j.anthro.2008.04.014.",
Asia,East Asia,40.21681028,114.6502344,Xiaochangliang,Mode 1,1,3925,0,1.34,1.34,0,paleomag; fauna,3,excavated but not 3d,,1,,,,3,"Chen, Shen, and Chen Chun. 2003. “New Evidence of Homind Behaviour from Xiaochangliang, Northern China: Site Formation and Lithic Technology.” In Current Research in Chinese Pleistocene Archaeology, edited by Chen Shen and Susan G. Keates, 67–83. Oxford: Archaeopress.",
Asia,East Asia,40.21681028,114.6502344,Maliang,Mode 1,0,200,0,0.78,0.78,0,paleomag,3,excavated,,,1,,,2,"Wang, Hongqiang, Chenglong Deng, Rixiang Zhu, Qi Wei, Yamei Hou, and Eric Boëda. 2005. “Magnetostratigraphic Dating of the Donggutuo and Maliang Paleolithic Sites in the Nihewan Basin, North China.” Quaternary Research 64: 1–11. doi:10.1016/j.yqres.2005.04.001.",
Asia,East Asia,34.11666667,110.1166667,Xihoudu,Mode 1,0,32,1,1.27,1.27,0,paleomag,3,excavated,,,1,,,3,"Zhu, Rixiang, Zhisheng An, Richard Potts, and Kenneth a. Hoffman. 2003. “Magnetostratigraphic Dating of Early Humans in China.” Earth-Science Reviews 61: 341–59. doi:10.1016/S0012-8252(02)00132-0.",
Asia,East Asia,23.82083333,106.6347222,Bose Basin,Mode 2,0,991,0,0.8,0.8,0,"Fission-track, Ar/Ar",2,excavated,,,1,,,2,"Xie, Guang M., and Érika Bodin. 2007. “Les Industries Paléolithiques Du Bassin de Bose (Chine Du Sud).” Anthropologie 111: 182–206. doi:10.1016/j.anthro.2007.03.002.",
Asia,East Asia,34.0675,110.0516667,Luonan Basin,Mode 2,0,90000,0,0.78,0.78,0,paleomag; OSL,3,surface,,,1,,,2,"Lu, Huayu, Hongyan Zhang, Shejiang Wang, Richard Cosgrove, Xuefeng Sun, Jun Zhao, Donghuai Sun, Cunfa Zhao, Chen Shen, and Ming Wei. 2011. “Multiphase Timing of Hominin Occupations and the Paleoenvironment in Luonan Basin, Central China.” Quaternary Research 76 (1). University of Washington: 142–47. doi:http://dx.doi.org/10.1016/j.yqres.2011.04.001.",
Asia,East Asia,32.67333333,111.1219444,Shuangshu,Mode 2,0,706,0,0.6,0.5,0.1,"paleomag, fauna",3,excavated,,,,1,1,2,"Li, Hao, Chao-rong Li, Kathleen Kuman, Jie Cheng, Hai-tao Yao, and Zhao Li. 2014. “The Middle Pleistocene Handaxe Site of Shuangshu in the Danjiangkou Reservoir Region, Central China.” Journal of Archaeological Science 52. Elsevier Ltd: 391–409. doi:10.1016/j.jas.2014.08.033.",
Asia,East Asia,25.75,101.916666,Yuanmou,Mode 1,0,22,1,1.7,0.6,1.1,geol; fauna; ERS; fission track; amino acid; paleomag,3,excavated,,1,1,1,,3,"Hou, Y M, and L X Zhao. 2010. “An Archeological View for the Presence of Early Humans in China.” Quaternary International 223–224 (142). Elsevier Ltd and INQUA: 10–19. doi:10.1016/j.quaint.2009.09.025.",
Asia,East Asia,31.0897222,118.09611,Renzidong,Mode 1,0,59,1,2.4,2.4,0,geol,3,excavated,1,,,,,2,"Hou, Y M, and L X Zhao. 2010. “An Archeological View for the Presence of Early Humans in China.” Quaternary International 223–224 (142). Elsevier Ltd and INQUA: 10–19. doi:10.1016/j.quaint.2009.09.025.",
Asia,East Asia,30.654138,110.07475,Longgudong,Mode 1,0,632,1,1,1,0,paleomag; fauna,3,excavated,,,1,,,2,"Hou, Y M, and L X Zhao. 2010. “An Archeological View for the Presence of Early Humans in China.” Quaternary International 223–224 (142). Elsevier Ltd and INQUA: 10–19. doi:10.1016/j.quaint.2009.09.025.",
Asia,East Asia,39.6833333,115.916666,Zhoukoudian Locality 1,flake industries,0,17131,0,0.78,0.68,0.1,Al/Be,1,excavated,,,,1,,1,"Shen, Chen, Xiaoling Zhang, and Xing Gao. 2016. “Zhoukoudian in Transition: Research History, Lithic Technologies, and Transformation of Chinese Palaeolithic Archaeology.” Quaternary International 400. Elsevier Ltd: 4–13. doi:10.1016/j.quaint.2015.10.001.",
Asia,East Asia,38.015436,127.066417,Imjin/Hantan River Basin,Mode 2,0,5000,0,0.35,0.35,0,"tefra, TL, OSL, fission track, Al-Be",1,excavated,,,,,1,1,"Norton, Christopher J, Kidong Bae, John W K Harris, and Hanyong Lee. 2006. “Middle Pleistocene Handaxes from the Korean Peninsula.” Journal of Human Evolution 51 (5): 527–36. doi:10.1016/j.jhevol.2006.07.004.",
Asia,Levant ,35.15,38.81667,Aïn al Fil,Mode 1,0,800,0,1.8,1.8,0,"fauna, paleomag",1,excavated,,1,,,,1,"Le Tensorer, Jean-Marie, Hélène Le Tensorer, Pietro Martini, Vera von Falkenstein, Peter Schmid, and Juan José Villalain. 2015. “The Oldowan Site Aïn Al Fil (El Kowm, Syria) and the First Humans of the Syrian Desert.” L’Anthropologie 119 (5). Elsevier Masson SAS: 581–94. doi:10.1016/j.anthro.2015.10.009.",
Asia,Levant ,33.077239,35.454291,Yiron,Mode 1,0,10,0,2.4,2.4,0,K/Ar,2,excavated,1,,,,,3,"Ronen, Avraham. 2006. “The Oldest Human Groups in the Levant.” Comptes Rendus - Palevol 5: 343–351. doi:10.1016/j.crpv.2005.11.005.",
Asia,Levant ,32.675037,35.550041,Ubeidiya,Mode 2,0,7956,0,1.5,1.5,0,mag; fauna,1,excavated,,1,,,,1,"Bar-Yosef, Ofer. 1998. “Early Colonisations and Cultural Continuities in the Lower Palaeolithic of Western Asia.” In Early Human Behaviour in Global Context: The Rise and Diversity of the Lower Paleolithic Period, edited by Ravi Korisettar and Michael D. Petraglia, 221–279. New York: Routledge.",
Asia,Levant ,32.99572,35.626945,Gesher Benot Yaaqov,Mode 2,0,10000,0,0.78,0.78,0,mag; fauna,1,excavated,,,1,,,1,"Goren-Inbar, Naama, Craig S Feibel, Kenneth L Verosub, Yoel Melamed, Mordechai E Kislev, Eitan Tchernov, and Idit Saragusti. 2000. “Pleistocene Milestones on the out-of-Africa Corridor at Gesher Benot Ya’aqov, Israel.” Science 289: 944–947. doi:10.1126/science.289.5481.944.",
Asia,Levant ,31.518972,34.705467,Bizat-Ruhama,flake industries,0,1000,0,0.99,0.85,0.14,ESR; paleomag,1,excavated,,,1,,,1,"Zaidner, Yossi, Avraham Ronen, and Jan Michał Burdukiewicz. 2003. “L’industrie Microlithique Du Paléolithique Inférieur de Bizat Ruhama, Israël.” L’Anthropologie 107: 203–222. doi:10.1016/S0003-5521(03)00010-4.",
Asia,Levant ,32.55,35.11666667,Evron Quarry,flake industries,0,383,0,1,1,0,fauna; paleomag; ESR; TL,1,excavated ,,,1,,,1,"Ron, Hagai, Naomi Porat, Avraham Ronen, Eitan Tchernov, and Liora K. Horwitz. 2003. “Magnetostratigraphy of the Evron Member - Implications for the Age of the Middle Acheulian Site of Evron Quarry.” Journal of Human Evolution 44: 633–639. doi:10.1016/S0047-2484(03)00043-5.",
Asia,Levant ,34.999714,36.635971,Latamne,Mode 2,0,3724,0,0.7,0.5,0.2,fauna; TL,2,excavated,,,,1,1,2,"Bar‐Yosef, Ofer. 1994. “The Lower Paleolithic of the Near East.” Journal of World Prehistory 8 (3): 211–265. <Go to ISI>://A1994QB90100001.",
Asia,Levant ,35.615369,39.078369,Hummal,Mode 1,0,195,0,1.6,1.2,0.4,"K/Ar, fauna, geol",2,excavated,,1,1,,,2,"Le Tensorer, Jean Marie, Vera von Falkenstein, Hélène Le Tensorer, Peter Schmid, and Sultan Muhesen. 2011. “Étude Préliminaire Des Industries Archaïques de Faciès Oldowayen Du Site de Hummal (El Kowm, Syrie Centrale).” Anthropologie 115: 247–266. doi:10.1016/j.anthro.2011.02.006.",
Asia,Levant ,30.261591,34.887085,Nahal Zihor,Mode 2,0,40,0,1.4,1.4,0,geol,4,surface,,1,,,,3,"Ginat, Hanan, Ezra Zilberman, and Idit Saragusti. 2003. “Early Pleistocene Lake Deposits and Lower Paleolithic Finds in Nahal (wadi) Zihor, Southern Negev Desert, Israel.” Quaternary Research 59: 445–458. doi:10.1016/S0033-5894(03)00029-2.",
Asia,Levant ,32.648398,35.567465,Erq el-Ahmar,Mode 1,0,10,1,1.8,1.8,0,"paleomag, fauna",4,surface,,1,,,,3,"Ron, Hagai, and Shaul Levi. 2001. “When Did Hominids First Leave Africa?: New High-Resolution Magnetostratigraphy from the Erk-El-Ahmar Formation, Israel.” Geology 29 (10): 887–890. doi:10.1130/0091-7613(2001)​029<0887:WDHFLA>​2.0.CO;2.",assemblage size estimated
Asia,Levant ,31.518972,34.705467,Nahal Hesi,Mode 2,0,1000,0,0.78,0.12,0.66,geol,4,excavated,,,,1,1,3,"Yeshurun, Reuven, Yossi Zaidner, Véra Eisenmann, B. Martínez-Navarro Bienvenido, and Guy Bar-Oz. 2011. “Lower Paleolithic Hominin Ecology at the Fringe of the Desert: Faunal Remains from Bizat Ruhama and Nahal Hesi, Northern Negev, Israel.” Journal of Human Evolution 60: 492–507. doi:10.1016/j.jhevol.2010.01.008.",assemblage size estimated
Asia,North Asia,51.942186,85.971935,Ulalinka,Mode 1,0,10,1,0.4,0.1,0.3,geol,4,surface,,,,,1,3,"Okladnikov, A. P., and G. A Pospelova. 1982. “Ulalinka, the Oldest Palaeolithic Site in Siberia.” Current Anthropology 23 (6): 710–12.",assemblage size estimated
Asia,North Asia,51.500059,84.501343,Karama,Mode 1,0,1000,1,0.8,0.6,0.2,"RTL, fauna",2,excavated,,,1,1,,2,"Derevianko, Anatoli P., and Michael V. Shunkov. 2009. “Development of Early Human Culture in Northern Asia.” Paleontological Journal 43 (8) (December 24): 881–889. doi:10.1134/S0031030109080061. http://www.springerlink.com/index/10.1134/S0031030109080061.",assemblage size estimated
Asia,North Asia,55.833174,84.952289,Mokhovo,Mode 1,0,9,1,0.34,0.3,0.04,"geol, fauna, TL",4,excavated,,,,,1,3,"Derevianko, Anatoli P., and Michael V. Shunkov. 2014. “Northern and Central Asia: Culture During the Lower Paleolithic Era.” In Encyclopedia of Global Archaeology, edited by Claire Smith, 5475-5489. New York: Springer New York.",
Asia,North Asia,53.989606,91.498947,Razlog 2,Mode 1,0,60,0,0.78,0.12,0.66,archaeo,4,surface,,,,1,1,3,"Derevianko, Anatoli P., and Michael V. Shunkov. 2014. “Northern and Central Asia: Culture During the Lower Paleolithic Era.” In Encyclopedia of Global Archaeology, edited by Claire Smith, 5475-5489. New York: Springer New York.",
Asia,North Asia,52.295042,106.463013,Zasukhino,Mode 1,0,10,1,0.78,0.12,0.66,"geol, palaeomag, RTL",4,surface,,,,1,1,3,"Derevianko, Anatoli P., and Michael V. Shunkov. 2014. “Northern and Central Asia: Culture During the Lower Paleolithic Era.” In Encyclopedia of Global Archaeology, edited by Claire Smith, 5475-5489. New York: Springer New York.",assemblage size estimated
Asia,North Asia,64.102667,127.182667,Diring Yuriakh,Mode 1,0,5000,1,0.3,0.3,0,TL,2,excavated,,,,,1,2,"Waters, Michael R., Steven L. Forman, and James M. Pierson. 1997. “Diring Yuriakh: A Lower Paleolithic Site in Central Siberia.” Science 275: 1281–84. doi:10.1126/science.275.5304.1281.",
Asia,North Asia,55.151709,91.537539,Berezhekovo,Mode 1,0,15,1,0.5,0.13,0.37,geol; TL,4,excavated,,,,,1,3,"Davis, Richard S. 1998. “The Enisei River of Central Siberia in the Late Pleistocene.” Journal of Archaeological Research 6 (2): 169–94. doi:10.1007/BF02446163.",
Asia,South Asia,16.5,76.48333333,Isampur,Mode 2,0,15000,0,1.27,0.73,0.54,ESR,2,excavated,,,1,,,3,"Paddayya, K., B. a B Blackwell, R. Jhaldiyal, M. D. Petraglia, S. Fevrier, D. a. Chaderton, J. I B Blickstein, and a. R. Skinner. 2002. “Recent Findings on the Acheulian of the Hunsgi and Baichbal Valleys, Karnataka, with Special Reference to the Isampur Excavation and Its Dating.” Current Science 83: 641–647.",
Asia,South Asia,30.66666667,73.33333333,Riwat,Mode 1,0,3,1,1.9,1.9,0,geol; paleomag,4,surface,1,,,,,3,"Dennell, Robin W. 2007. “‘Resource-Rich, Stone-Poor’: Early Hominin Land Use in Large River Systems of Northern India and Pakistan.” In The Evolution and History of Human Populations in South Asia, edited by Michael D. Petraglia and Bridget Allchin, 41–68. Amsterdam: Springer Netherlands. doi:10.1007/1-4020-5562-5.",
Asia,South Asia,32.83333333,73.83333333,Pabbi Hills,Mode 1,0,307,0,2.2,1.2,1,geol; paleomag,4,surface,1,1,1,,,3,"Dennell, Robin W. 2007. “‘Resource-Rich, Stone-Poor’: Early Hominin Land Use in Large River Systems of Northern India and Pakistan.” In The Evolution and History of Human Populations in South Asia, edited by Michael D. Petraglia and Bridget Allchin, 41–68. Amsterdam: Springer Netherlands. doi:10.1007/1-4020-5562-5.",
Asia,South Asia,33.028955,73.600634,Dina ,Mode 2,0,1,0,0.78,0.78,0,geol; paleomag,4,surface,,,1,,,3,"Dennell, Robin. 2009. The Palaeolithic Settlement of Asia. Cambridge: Cambridge University Press.",
Asia,South Asia,33.028955,73.600634,Jalalpur,Mode 2,0,14,0,0.78,0.78,0,geol; paleomag,4,surface,,,1,,,3,"Dennell, Robin. 2009. The Palaeolithic Settlement of Asia. Cambridge: Cambridge University Press.",
Asia,South Asia,13.23055556,79.88888889,Attirampakkam,Mode 2,0,3528,0,1.57,1.57,0,Al/Be,1,excavated,,1,,,,1,"Pappu, Shanti, Yanni Gunnall, Kumar Akhilesh, Régis Braucher, Maurice Taieb, François Demory, and Nicolas Thouveny. 2011. “Early Pleistocene Presence of Acheulian Hominins in South India.” Science 331: 1596–1599. doi:10.1126/science.1200183.",
Asia,South Asia,18.73814,73.638904,Bori,Mode 2,0,152,0,0.67,0.67,0,"Ar/Ar, K/Ar, fission",3,surface,,,,1,,3,"Mishra, Sheila, T. Venkatesan, Shard N. Rajaguru, and B. Somayajulu. 1995. “Earliest Acheulian Industry from Peninsular India.” Current Anthropology 36 (5): 847. doi:10.1086/204442.",
Asia,South Asia,27.402428,74.57562,Singi Talav,Mode 2,0,275,0,0.8,0.8,0,ESR; geol,2,excavated,,,1,,,2,"Gaillard, Claire, Virendra Misra, Shard N. Rajaguru, D. Venkatarama Raju, and H. Raghavan. 1983. “Acheulian Occupation at Singi-Talav, in the Thar Desert: A Preliminary Report on 1981 Excavation.” Man and Environment VII: 112–130.",
Asia,Southeast Asia,-7.449062,110.821781,Dayu,Mode 1,0,15,0,0.9,0.73,0.17,geol,4,excavated,,,1,1,,3,"Widianto, Harry, Budianto Toha, and Truman Simanjuntak. 2001. “The Discovery of Stone Implements in the Grenzbank: New Insights into the Chronology of the Sangiran Flake Industry.” Indo-Pacyfic Prehistory Association Bulletin 21: 157–61.",
Asia,Southeast Asia,-7.456771,110.852312,Bukuran,shell cutmarks,1,0,1,1.6,1.5,0.1,geol; fauna; Ar/Ar,2,excavated,,1,,,,2,"Choi, Kildo, and Dubel Driwantoro. 2007. “Shell Tool Use by Early Members of Homo Erectus in Sangiran, Central Java, Indonesia: Cut Mark Evidence.” Journal of Archaeological Science 34: 48–58. doi:10.1016/j.jas.2006.03.013.",
Asia,Southeast Asia,-8.703889,121.106111,Mata Menge,Mode 1,0,556,0,0.88,0.8,0.08,fission track,1,excavated,,,1,,,1,"Brumm, Adam, Mark W. Moore, Gert D. van den Bergh, Iwan Kurniawan, Michael J. Morwood, and Fachroel Aziz. 2010. “Stone Technology at the Middle Pleistocene Site of Mata Menge, Flores, Indonesia.” Journal of Archaeological Science 37 (3). Elsevier Ltd: 451–73. doi:10.1016/j.jas.2009.09.012.",
Asia,Southeast Asia,18.354136,99.057109,Mae Tha,Mode 1,0,3,0,0.8,0.6,0.2,paleomag; K/Ar,4,surface,,,,1,,3,"Schepartz, Lynne A., Sari Miller-Antonio, and Deborah A. Bakken. 2000. “Upland Resources and the Early Palaeolithic Occupation of Southern China, Vietnam, Laos, Thailand and Burma.” World Archaeology 32 (1): 1–13. doi:10.1080/004382400409862.",
Asia,Southeast Asia,8.059767,98.917037,Kao Pah Nam,Mode 1,0,3,0,0.78,0.12,0.66,fauna,4,excavated,,,,1,1,3,"Marwick, Ben. 2008. “Stone Artefacts and Recent Research in the Archaeology of Mainland Southeast Asian Hunter-Gatherers.” Before Farming: The Archaeology and Anthropology of Hunter-Gatherers, no. 4: 1–19. http://faculty.washington.edu/bmarwick/PDFs/Marwick_2008_Before_Farming.pdf.",
Asia,Southeast Asia,-7.369029,112.484861,Modjokerto,hominin remains,0,0,0,1.45,1.45,0,geol; Ar/Ar,3,excavated,,1,,,,2,"Huffman, O. Frank, Yahdi Zaim, John Kappelman, Dennis R. Ruez, John de Vos, Yan Rizal, Fachroel Aziz, and Christine Hertler. 2006. “Relocation of the 1936 Mojokerto Skull Discovery Site near Perning, East Java.” Journal of Human Evolution 50: 431–51. doi:10.1016/j.jhevol.2005.11.002.",
Asia,Southeast Asia,-7.3743,111.3578,Trinil,hominin remains,0,0,0,1.5,1,0.5,geol; paleomag; fauna,3,excavated,,1,1,,,2,"Dennell, Robin. 2009. The Palaeolithic Settlement of Asia. Cambridge: Cambridge University Press.",
Europe,Alpine,43.7643,7.4698,Vallonnet,Mode 1,0,80,0,1,0.9,0.1,ESR,2,excavated,,,1,,,2,"Bernal, Marcos Terradillos, and Marie-Hélène H. Moncel. 2004. “Contribution À L’étude de La Technologie Du Paléolithique « Archaïque » Du Sud de l’Europe Selon Le Système Logique Analytique (SLA). Application Aux Sites Du Vallonnet (Roquebrune-Cap-Martin, France), de Gran Dolina TD6 (Burgos, Espagne), de Ca’Belvedere.” Journal Article. L’Anthropologie 108 (3–4): 307–29. doi:10.1016/j.anthro.2004.10.001.",
Europe,Med Central,41.80194444,15.38472222,Pirro Nord,Mode 1,0,430,0,1.6,1.3,0.3,geol; paleomag; fauna,1,excavated,,1,,,,1,"Arzarello, Marta, Giulio Pavia, Carlo Peretto, Carmelo Petronio, and Raffaele Sardella. 2012. “Evidence of an Early Pleistocene Hominin Presence at Pirro Nord (Apricena, Foggia, Southern Italy): P13 Site.” Quaternary International 267: 56–61. doi:10.1016/j.quaint.2011.01.042. http://dx.doi.org/10.1016/j.quaint.2011.01.042.",
Europe,Med Central,44.201667,11.95,Monte Poggiolo,Mode 1,0,1319,0,0.88,0.88,0,ESR; paleomag,1,excavated,,,1,,,1,"Muttoni, Giovanni, Giancarlo Scardia, Dennis V. Kent, Enrico Morsiani, Fabrizio Tremolada, Mauro Cremaschi, and Carlo Peretto. 2011. “First Dated Human Occupation of Italy at ~0.85Ma during the Late Early Pleistocene Climate Transition.” Earth and Planetary Science Letters 307 (3-4): 241–252. doi:10.1016/j.epsl.2011.05.025. http://dx.doi.org/10.1016/j.epsl.2011.05.025.",
Europe,Med Central,41.591524,14.24046,Isernia la Pineta,flake industries,0,10000,0,0.6,0.5,0.1,Amino Acid; K/Ar; Ar/Ar; paleomag,1,excavated,,,,1,1,1,"Coltorti, Mauro, Gilbert Feraud, Andrea Marzoli, Carlo Peretto, Thao Ton-That, Pierre Voinchet, Jean-Jacques Bahain, Antonella Minelli, and Ursula Thun Hohenstein. 2005. &ldquo;New 40Ar/39Ar, Stratigraphic and Palaeoclimatic Data on the Isernia La Pineta Lower Palaeolithic Site, Molise, Italy.&rdquo; Quaternary International 131: 11–22. doi:10.1016/j.quaint.2004.07.004.",
Europe,Med Central,40.960388,15.882924,Notarchirico,Mode 2,0,10000,0,0.62,0.62,0,TL; ESR; fauna,1,excavated,,,,1,,1,"Piperno, Marcelo. 1999. Notarchirico. Un sito del Pleistocene medio iniziale nel bacino di Venosa. Venosa: Edizioni Osanna.",assemblage size estimated
Europe,Med Central,40.960388,15.882924,Notarchirico,Mode 1,0,10000,0,0.62,0.62,0,TL; ESR; fauna,1,excavated,,,,1,,1,"Piperno, Marcelo. 1999. Notarchirico. Un sito del Pleistocene medio iniziale nel bacino di Venosa. Venosa: Edizioni Osanna.",assemblage size estimated
Europe,Med Central,41.75,13.08333,Fontana Ranuccio,Mode 2,0,80,0,0.46,0.46,0,K/Ar; paleomag,2,excavated,,,,,1,2,"Segre, Aldo, and Antonio Ascenzi. 1984. “Fontana Ranuccio : Italy’s Earliest Middle Pleistocene Hominid Site.” Current Anthropology 25 (2): 230–33. http://www.jstor.org/stable/2742829.",
Europe,Med Central,45.778159,13.647976,Visogliano,flake industries,0,2000,0,0.46,0.3,0.16,ESR; U/Th,2,excavated,,,,,1,2,"Grifoni, Renata, and Carlo Tozzi. 2006. “L’émergence Des Identités Culturelles Au Paléolithique Inférieur : Le Cas de l’Italie.” Comptes Rendus Palevol 5 (1–2): 137–48. doi:10.1016/j.crpv.2005.12.004.",
Europe,Med Central,40.960388,15.882924,Venosa Loreto,flake industries,0,10000,0,0.5,0.5,0,geol; paleomag; fauna,3,excavated,,,,1,1,2,"Lefèvre, David, Jean-Paul Raynal, Gérard Vernet, Guy Kieffer, and Marcello Piperno. 2010. “Tephro-Stratigraphy and the Age of Ancient Southern Italian Acheulean Settlements: The Sites of Loreto and Notarchirico (Venosa, Basilicata, Italy).” Quaternary International 223–224. Elsevier Ltd and INQUA: 360–68. doi:10.1016/j.quaint.2010.02.020.",assemblage size estimated
Europe,Med Central,40.871807,15.649735,Atella,flake industries,0,666,0,0.48,0.48,0,geol,3,excavated,,,,,1,2,"Abruzzese, Claudia, Daniele Aureli, and Roxane Rocca. 2016. “Assessment of the Acheulean in Southern Italy: New Study on the Atella Site (Basilicata, Italy).” Quaternary International 393 (January): 158–68. doi:10.1016/j.quaint.2015.06.005.",
Europe,Med East,40.372828,23.167629,Petralona,hominin remains,0,0,0,0.4,0.2,0.2,"U-series, ESR",3,surface,,,,,1,3,"Stringer, Christopher B., F.Clark Howell, and John K. Melentis. 1979. “The Significance of the Fossil Hominid Skull from Petralona, Greece.” Journal of Archaeological Science 6 (3): 235–53. doi:10.1016/0305-4403(79)90002-5.",
Europe,Med East,39.798645,22.364216,Rodia,flake industries,0,65,0,0.4,0.3,0.1,geol,4,surface,,,,,1,3,"Runnels, Curtis, and Tjeerd H Van Andel. 1993. “Lower and Greece Middle Paleolithic of Thessaly, Middle Paleolithic Sites and Their Context Introduction.” Journal of Field Archaeology 20 (3): 299–317.",
Europe,Med East,39.28542,20.832825,Kokkinopilos,Mode 2,0,1,0,0.25,0.2,0.05,geol,4,surface,,,,,1,3,"Runnels, Curtis, and Tjeerd H Van Andel. 1993. “A Handaxe from Kokkinopilos, Epirus, and Its Implications for the Paleolithic of Greece.” Journal of Field Archaeology 20 (2): 191–203.",
Europe ,Med East,37.405849,22.092819,Marathousa 1,Mode 1,0,122,1,0.6,0.4,0.2,geol; fauna,3,excavated,,,,1,1,2,"Panagopoulou, Eleni, Vangelis Tourloukis, Athanassios Athanassiou, George E Konidaris, Domenico Giusti, Panagiotis Karkanas, and Katerina Harvati. 2015. “Marathousa 1 : A New Middle Pleistocene Archaeological Site from Greece.” Antiquity Project Gallery 343: 1–9.",
Europe,Med West,41.16138889,-2.496666667,Ambrona - Complejo Inferior,Mode 2,0,1276,0,0.78,0.12,0.66,geol; fauna; ESR; U-series,1,excavated,,,,1,1,3,"Joaquín, Panera Gallego, and Susana Rubio Jara. 1997. “Estudio Tecnomorfológico de La Industria Lítica de Ambrona (Soria).” Trabajos de Prehistoria 54 (1): 71–97.",
Europe,Med West,37.722964,-2.407943,Barranco León,Mode 1,0,359,0,1.3,1.2,0.1,fauna; paleomag,2,excavated,,,1,,,2,"Toro-Moyano, Isidro, Henry de Lumley, Beatriz Fajardo, Déborah Barsky, Dominique Cauche, Vincenzo Celiberti, Sophie Grégoire, Bienvenido Martinez-navarro, Maria Patrocinio Espigares, and Sergio Ros-Montoya. 2009. “L’industrie Lithique Des Gisements Du Pléistocène Inférieur de Barranco León et Fuente Nueva 3 À Orce, Grenade, Espagne.” L’Anthropologie 113 (1): 111–24. doi:10.1016/j.anthro.2009.01.006.",
Europe,Med West,37.722964,-2.407943,Fuente Nueva,flake industries,0,3381,0,1.3,1.2,0.1,fauna; paleomag,2,excavated,,,1,,,2,"Toro-Moyano, Isidro, Henry de Lumley, Beatriz Fajardo, Déborah Barsky, Dominique Cauche, Vincenzo Celiberti, Sophie Grégoire, Bienvenido Martinez-navarro, Maria Patrocinio Espigares, and Sergio Ros-Montoya. 2009. “L’industrie Lithique Des Gisements Du Pléistocène Inférieur de Barranco León et Fuente Nueva 3 À Orce, Grenade, Espagne.” L’Anthropologie 113 (1): 111–24. doi:10.1016/j.anthro.2009.01.006.",
Europe,Med West,36.60359,-6.234593,El Aculadero,Mode 1,0,1268,0,0.78,0.12,0.66,geol,4,excavated,,,,1,1,3,"Querol, Maria Ángeles, and Gomez Manuel Santonja. 1983. El Yacimiento de Cantos Trabajados de El Aculadero. Madrid: Ministerio de Cultura.",
Europe,Med West,41.563394,2.018415,Vallparadís,Mode 1,0,57600,1,0.98,0.79,0.19,palaeomag; ESR; U-series; fauna,2,excavated,,,1,,,2,"Martínez, Kenneth, Joan Garcia, Eudald Carbonell, Jordi Agustí, Jean-Jaques Bahain, Hugues-Alexandre Blain, Francesc Burjachs, et al. 2010. “A New Lower Pleistocene Archeological Site in Europe (Vallparadis, Barcelona, Spain).” Proceedings of the National Academy of Sciences of the United States of America 107 (13): 5762–67. doi:10.1073/pnas.0913856107.",
Europe,Med West,37.65,-3.183333333,Solana del Zamborino,Mode 2,0,1500,0,0.76,0.3,0.46,paleomag,3,excavated,,,,1,1,2,"Scott, Gary R, and Luis Gibert. 2009. “The Oldest Hand-Axes in Europe.” Nature 461 (7260). Nature Publishing Group: 82–85. doi:10.1038/nature08214.",https://www.scribd.com/document/50233643/PINTO-ANACLETO-2009-The-Archaeological-Site-of-Solana-Del-Zamborino-Print
Europe,Med West,39.03472,-1.802777,Estrecho del Quipar,Mode 1,0,4503,0,0.9,0.7,0.2,paleomag,3,excavated,,,1,,,2,"Walker, M. J., M. López-Martínez, J. S. Carrión-García, T. Rodríguez-Estrella, M. San-Nicolás del-Toro, J. L. Schwenninger, A. López-Jiménez, et al. 2013. “Cueva Negra Del Estrecho Del Río Quípar (Murcia, Spain): A Late Early Pleistocene Hominin Site with an ‘Acheulo-Levalloiso-Mousteroid’ Palaeolithic Assemblage.” Quaternary International 294. Elsevier Ltd and INQUA: 135–59. doi:10.1016/j.quaint.2012.04.038.",
Europe,Med West,37.58283,-2.570573,Cullár Baza,Mode 1,1,8,0,0.6,0.5,0.1,fauna,4,excavated,,,,1,1,3,"Raposo, Luis, and Manuel Santonja. 1995. “The Earliest Occupation of Europe: The Iberian Peninsula.” Analecta Praehistorica Leidensia 27: 7–25. http://hdl.handle.net/1887/27943.",
Europe,Med West,37.645539,-0.834064,Cueva Victoria,Mode 1,1,3,1,1.3,0.9,0.4,fauna,4,excavated,,,1,,,3,"Carbonell, Eudald, Jordi Estevez, Salvador Moya-Sola, Joan Pons-Moya, Jordi Agustı, and Josep F. de Villalta. 1981. “Cueva Victoria (Murcia, España): Lugar de Ocupación Humana Más Antiguo de La Península Ibérica.” Endins 8: 47–57. http://ibdigital.uib.es/greenstone/collect/endins/import/Endins_1981v8/Endins_1981v8p047.pdf.",possible bone industry?
Europe,Med West,41.121278,1.180812,Barranc de la Boella,Mode 2,1,305,1,0.96,0.78,0.18,paleomag; fauna,2,excavated,,,1,,,2,"Vallverdú, Josep, Palmira Saladié, Antonio Rosas, Rosa Huguet, Isabel Cáceres, Marina Mosquera, Antonio Garcia-Tabernero, et al. 2014. “Age and Date for Early Arrival of the Acheulian in Europe (Barranc de La Boella, La Canonja, Spain).” PLoS ONE 9 (7): 9–11. doi:10.1371/journal.pone.0103634.",
Europe,Med West,41.318005,1.178764,La Cansaladeta,Mode 2,0,7575,0,0.39,0.37,0.02,TL; ESR; fauna,1,excavated,,,,,1,1,"Ollé, Andreu, Josep Maria Vergès, Xosé Pedro Rodríguez-Álvarez, Isabel Cáceres, Diego E. Angelucci, Josep Vallverdú, Martina Demuro, et al. 2016. “The Middle Pleistocene Site of La Cansaladeta (Tarragona, Spain): Stratigraphic and Archaeological Succession.” Quaternary International 393 (January): 137–57. doi:10.1016/j.quaint.2015.08.053.",
Europe,Med West,42.839253,2.754197,La Caune de l’Arago,Mode 2,0,5293,0,0.69,0.4,0.29,U-series; fauna,1,excavated,,,,1,1,1,"Barsky, Deborah. 2013. “The Caune de l’Arago Stone Industries in Their Stratigraphical Context.” Comptes Rendus Palevol 12 (5). Academie des sciences: 305–25. doi:10.1016/j.crpv.2013.05.007.",
Europe,Med West,39.838819,-0.799969,Alto de las Picarazas,Mode 1,1,7,1,1.5,1,0.5,fauna,4,excavated,,1,1,,,3,"Vicente Gabarda, M., R. Martínez Valle, P.M. Guillem Calatayud, P. Garay Martí, E. Pueyo, and J. Casabó. 2016. “The Lower Palaeolithic Site Alto de Las Picarazas (Andilla-Chelva, Valencia).” Quaternary International 393 (January): 83–94. doi:10.1016/j.quaint.2015.04.049.",
Europe,Med West,43.49403,3.434854,Bois-de-Riquet,Mode 1,1,13,1,1.4,1.2,0.2,fauna; Ar/Ar,2,excavated,,1,1,,,3,"Bourguignon, Laurence, Jean-Yves Yves Crochet, Ramon Capdevila, Jérôme Ivorra, Pierre-Olivier Olivier Antoine, Jordi Agustí, Deborah Barsky, et al. 2016. “Bois-de-Riquet (Lézignan-La-Cèbe, Hérault): A Late Early Pleistocene Archeological Occurrence in Southern France.” Quaternary International 393 (January): 24–40. doi:10.1016/j.quaint.2015.06.037.",
Europe,North Central,49.765884,8.277189,Dorn Durkheim,Mode 1,1,3,1,0.78,0.78,0,paleomag; fauna,3,excavated,,,1,,,3,"Fiedler, Lutz, and Jens Lorenz Franzen. 2002. “Artefakte Vom Altpleistozaanen Fundplatz Dorn Durkheim 3 Am Noordlichen Oberrhein.” Germania 80: 421–40.",human remains
Europe,North Central,50.387062,7.471775,Kärlich A and B,Mode 1,1,10,1,0.78,0.78,0,paleomag; fauna,3,excavated,,,1,,,3,"Haidle, Miriam Noël, and Alfred F. Pawlik. 2010. “The Earliest Settlement of Germany: Is There Anything out There?” Quaternary International 223–224: 143–53. doi:10.1016/j.quaint.2010.02.009.",
Europe,North Central,50.387062,7.471775,Kärlich G and H,Mode 1,1,24,1,0.62,0.45,0.17,Ar/Ar,2,excavated,,,,1,1,3,"Haidle, Miriam Noël, and Alfred F. Pawlik. 2010. “The Earliest Settlement of Germany: Is There Anything out There?” Quaternary International 223–224: 143–53. doi:10.1016/j.quaint.2010.02.009.",
Europe,North Central,50.387062,7.471775,Kärlich Seeufer,Mode 1,0,200,0,0.4,0.275,0.125,Ar/Ar; fauna,2,excavated,,,,,1,2,"Haidle, Miriam Noël, and Alfred F. Pawlik. 2010. “The Earliest Settlement of Germany: Is There Anything out There?” Quaternary International 223–224: 143–53. doi:10.1016/j.quaint.2010.02.009.",
Europe,North Central,49.339292,8.795518,Mauer,Mode 1,0,30,0,0.5,0.5,0,ESR/U-series,1,excavated,,,,,1,2,"Fiedler, Lutz. 1995. “Quelques artefacts de Mauer, site de la mandibule d’Homo erectus Heidelbergensis.” L’ Anthropologie 99 (1). Elsevier: 115–19. http://cat.inist.fr/?aModele=afficheN&cpsidt=3731044.",
Europe,North Central,50.406924,7.426758,Miesenheim,flake industries,0,108,0,0.6,0.5,0.1,Ar/Ar fauna,3,excavated,,,,1,1,2,"Turner, Elaine. 2000. Miesenheim I. Excavations at a Lower Palaeolithic Site in the Central Rhineland of Germany. Mainz: Verlag des Römisch-Germanischen Zentralmuseums in Kommission bei dr. Rudolf Habelt GMBH.",
Europe,North Central,49.190888,16.675805,Stránská Skalá,Mode 1,0,10,0,0.65,0.5,0.15,fauna,4,excavated,,,,1,1,3,"Valoch, Karel. 1999. “Stránská Skála, Un Site Cromériene Près de Brno (Moravie, République Tchèque).” In Los Homínidos Y Su Entorno En El Pleistoceno Inferior Y Medio de Eurasie. Actas Del Congreso Internacional de Paleontología Humana, Orce 1995, edited by Josep Gibert, Florentina Sánchez, Luis Gibert, and Francesc Ribot, 451–58. Orce: Museo de Prehistoria y Paleontología J. Gilbert.",
Europe,North East,47.290696,29.159693,Krecheshi,Mode 1,0,25,1,1,0.78,0.22,geol; paleomag,4,surface,,,1,,,3,"Anisyutkin, M. K., V. M. Stepanchuk, and A. L. Chepalyha. 2013. “КРЕЦЕШТИ: НОВЕ ОЛДОВАНСЬКЕ МІСЦЕЗНАХОДЖЕННЯ В НИЖНЬОМУ ПРИДНІСТРОВ’Ї (Попередні Дані) (Krecheshti: New Oldowan Site in the Lower Transdniestria (Preliminary Data)).” Археологія 4: 63–71.",
Europe,North East,47.279637,29.229194,Bairaki,Mode 1,0,40,0,0.86,0.78,0.08,geol,4,excavated,,,1,,,3,"Anisyutkin, N.K., S.I. Kovalenko, V.a. Burlacu, A.K. Ocherednoi, and A.L. Chepalyga. 2012. “Bairaki – a Lower Paleolithic Site on the Lower Dniester.” Archaeology, Ethnology and Anthropology of Eurasia 40 (1): 2–10. doi:10.1016/j.aeae.2012.05.002.",
Europe,North East,47.179658,29.164454,Pogreby,flake industries,0,259,0,0.42,0.3,0.12,fauna; geol,4,surface,,,,,1,3,"Doronichev, Vladimir B. 2008. “The Lower Paleolithic in Eastern Europe and the Caucasus: A Reappraisal of the Data and New Approaches.” PaleoAnthropology, 107–57.",
Europe,North East,47.259402,29.161627,Dubossary,flake industries,0,415,0,0.42,0.3,0.12,fauna; geol,4,surface,,,,,1,3,"Doronichev, Vladimir B. 2008. “The Lower Paleolithic in Eastern Europe and the Caucasus: A Reappraisal of the Data and New Approaches.” PaleoAnthropology, 107–57.",
Europe,North East,49.438533,27.400261,Medzhibozh,Mode 1,0,40,0,0.42,0.37,0.05,fauna,4,excavated,,,,,1,3,"Stepanchuk, Vadim. 2009. “Medzhibozh, Ukraine: Early Middle Pleistocene Evidence of Human Dispersal at the East European Plain.” In The Earliest Human MIgrations in Eurasia. Proceedings of the International Symposium (Makhachkala, Dagestan Republic, Russia, September 6-12, 2009), edited by Anatoli P. Derevianko and Michael V Shunkov, 291–300. Novosibirsk: Institute of Archaeology and Ethnography Press.",
Europe,North East,48.068412,40.83585,Khryashchy and Mikhailovskoe,flake industries,0,280,0,0.25,0.19,0.06,geol,4,surface,,,,,1,3,"Doronichev, Vladimir B. 2008. “The Lower Paleolithic in Eastern Europe and the Caucasus: A Reappraisal of the Data and New Approaches.” PaleoAnthropology, 107–57.",
Europe,North East,45.3625,37.105277,Bogatyri-Sinyay Balka,Mode 1,0,340,1,1.6,1.1,0.5,geol; fauna; paleomag,3,excavated,,1,1,,,2,"Shchelinsky, V.E., a.E. Dodonov, V.S. Baigusheva, S.a. Kulakov, a.N. Simakova, a.S. Tesakov, and V.V. Titov. 2010. “Early Palaeolithic Sites on the Taman Peninsula (Southern Azov Sea Region, Russia): Bogatyri/Sinyaya Balka and Rodniki.” Quaternary International 223–224 (September). Elsevier Ltd and INQUA: 28–35. doi:10.1016/j.quaint.2009.08.017.",
Europe,North East,45.3625,37.105277,Rodniki 1,Mode 1,0,127,1,1.6,1.4,0.2,geol; fauna ,3,excavated,,1,,,,2,"Shchelinsky, V.E., a.E. Dodonov, V.S. Baigusheva, S.a. Kulakov, a.N. Simakova, a.S. Tesakov, and V.V. Titov. 2010. “Early Palaeolithic Sites on the Taman Peninsula (Southern Azov Sea Region, Russia): Bogatyri/Sinyaya Balka and Rodniki.” Quaternary International 223–224 (September). Elsevier Ltd and INQUA: 28–35. doi:10.1016/j.quaint.2009.08.017.",
Europe,North East,45.3625,37.105277,Kermek,Mode 1,0,400,1,1.7,1.7,0,geol; fauna; paleomag,3,excavated,,1,,,,2,"Shchelinsky, V.E., M. Gurova, A.S. Tesakov, V.V. Titov, P.D. Frolov, and A.N. Simakova. 2016. “The Early Pleistocene Site of Kermek in Western Ciscaucasia (Southern Russia): Stratigraphy, Biotic Record and Lithic Industry (Preliminary Results).” Quaternary International 393 (January): 51–69. doi:10.1016/j.quaint.2015.10.032.",
Europe,North West,52.824418,1.531285,Happisburgh 3,Mode 1,0,76,0,0.99,0.78,0.21,mag; fauna,2,excavated,,,1,,,2,"Preece, Richard C., and Simon a. Parfitt. 2012. “The Early and Early Middle Pleistocene Context of Human Occupation and Lowland Glaciation in Britain and Northern Europe.” Quaternary International 271: 6–28. doi:10.1016/j.quaint.2012.04.018.",
Europe,North West,52.432979,1.730024,Pakefield,Mode 1,0,32,0,0.75,0.68,0.07,geol; paleomag; fauna,3,excavated,,,,1,,3,"Parfitt, Simon A., René W. Barendregt, Marzia Breda, Ian Candy, Matthew J. Collins, G. Russell Coope, Paul Durbidge, et al. 2005. “The Earliest Record of Human Activity in Northern Europe.” Journal Article. Nature 438 (7070): 1008–12. doi:10.1038/nature04227.",
Europe,North West,52.824418,1.531285,Happisburgh 1,Mode 2,0,100,0,0.5,0.5,0,"geol, fauna",3,excavated,,,,,1,2,"Ashton, Nick, and Simon G. Lewis. 2012. “The Environmental Contexts of Early Human Occupation of Northwest Europe: The British Lower Palaeolithic Record.” Quaternary International 271. Elsevier: 50–64. doi:10.1016/j.quaint.2011.10.022.",
Europe,North West,50.872804,-0.692761,Boxgrove,Mode 2,0,10000,0,0.5,0.5,0,geol; fauna,1,excavated,,,,,1,1,"Roberts, Mark B., and Simon A. Parfitt. 1999. Boxgrove. A Middle Pleistocene Hominid Site at Eartham Quarry, Boxgrove, West Sussex. London: English Heritage.",assemblage size estimated
Europe,North West,52.349089,-0.55174,High Lodge,Mode 2,0,1677,0,0.5,0.5,0,geol,2,excavated,,,,,1,2,"Ashton, Nick, Jill Cook, Simon G. Lewis, and James Rose. 1992. 1992. High Lodge: Excavations by G. de G. Sieveking, 1962-8, and J. Cook, 1988. London: British Museum Press.",
Europe,North West,49.862282,2.341156,Cagny-la-Garenne,Mode 2,0,10000,0,0.5,0.4,0.1,geol; fauna; ESR; U/Th,1,excavated,,,,,1,1,"Tuffreau, Alain. 2012. “Les Premières Industries Lithiques Dans Le Nord de La France, Reflet Des Premiers Peuplements Dans Une Région de Haute Latitude.” Les Nouvelles de L’archéologie 129: 36–41. doi:10.4000/nda.1847.",assemblage size estimated
Europe,North West,46.455085,1.619746,Pont-de-Lavaud,Mode 1,0,5000,0,1.1,0.9,0.2,geol; ESR,2,excavated,,,1,,,2,"Despriée, Jackie, Pierre Voinchet, Hélène Tissoux, Jean-Jacques Bahain, Christophe Falguères, Gilles Courcimault, Jean Dépont, et al. 2011. “Lower and Middle Pleistocene Human Settlements Recorded in Fluvial Deposits of the Middle Loire River Basin, Centre Region, France.” Quaternary Science Reviews 30 (11–12). Elsevier Ltd: 1474–85. doi:10.1016/j.quascirev.2011.02.011.",
Europe,North West,46.935774,2.272259,la Terre-des-Sablons,Mode 1,0,100,0,1.1,0.93,0.17,geol; ESR,2,excavated,,,1,,,2,"Despriée, Jackie, Pierre Voinchet, Hélène Tissoux, Jean-Jacques Bahain, Christophe Falguères, Gilles Courcimault, Jean Dépont, et al. 2011. “Lower and Middle Pleistocene Human Settlements Recorded in Fluvial Deposits of the Middle Loire River Basin, Centre Region, France.” Quaternary Science Reviews 30 (11–12). Elsevier Ltd: 1474–85. doi:10.1016/j.quascirev.2011.02.011.",
Europe,North West,46.438727,4.761244,Azé Cave,flake industries,0,299,0,0.4,0.35,0.05,fauna,3,excavated,,,,,1,2,"Moncel, Marie-Hélène, Claire Gaillard, and Jean Combier. 2001. &ldquo;The Lower Palaeolithic Industry from Azé Cave (Saône et Loire) France: A Case Study of an Assemblage without Any Handaxes.&rdquo; Proceedings of the Prehistory Society 67: 175–195.",
Europe,North West,47.174342,2.1109,La Noira ,Mode 2,0,1000,0,0.7,0.66,0.04,ESR; cosmogenic dating,1,excavated,,,,1,,1,"Moncel, Marie-Hélène, Jackie Despriée, Pierre Voinchet, Gilles Courcimault, Bruce Hardy, Jean-Jacques Bahain, Simon Puaud, Xavier Gallet, and Christophe Falguères. 2016. “The Acheulean Workshop of La Noira (France, 700 Ka) in the European Technological Context.” Quaternary International 393 (January): 112–36. doi:10.1016/j.quaint.2015.04.051.",
Europe,South East,43.651859,22.703133,Kozarnika Cave,flake industries,0,6600,0,1.6,1.4,0.2,paleomag; fauna,3,excavated,,1,,,,2,"Sirakov, Nikolay, Jean-Luc L. J.-L. Guadelli, Stefanka Ivanova, Svoboda Sirakova, Myriam Boudadi-Maligne, Irena Dimitrova, Philippe Fernandez, et al. 2010. “An Ancient Continuous Human Presence in the Balkans and the Beginnings of Human Settlement in Western Eurasia: A Lower Pleistocene Example of the Lower Palaeolithic Levels in Kozarnika Cave (North-Western Bulgaria).” Quaternary International 223–224 (September). Elsevier Ltd and INQUA: 94–106. doi:10.1016/j.quaint.2010.02.023.",
Europe,South East,48.154498,23.134786,Korolevo VII,Mode 1,0,33,1,0.9,0.78,0.12,paleomag; fauna,2,excavated,,,1,,,3,"Koulakovska, Larissa, Vitaly Usik, and Paul Haesaerts. 2010. &ldquo;Early Paleolithic of Korolevo Site (Transcarpathia, Ukraine).&rdquo; Quaternary International 223–224: 116–30. doi:10.1016/j.quaint.2009.09.031.",
Europe,South East,48.154498,23.134786,Korolevo VI,flake industries,0,5000,0,0.5,0.5,0,paleomag; fauna,3,excavated,,,,,1,2,"Koulakovska, Larissa, Vitaly Usik, and Paul Haesaerts. 2010. &ldquo;Early Paleolithic of Korolevo Site (Transcarpathia, Ukraine).&rdquo; Quaternary International 223–224: 116–30. doi:10.1016/j.quaint.2009.09.031.",
Europe,South West,44.973256,4.118339,Soleilhac,Mode 1,0,446,0,0.6,0.5,0.1,"Ar/Ar, TL, fauna",3,excavated,,,,1,1,2,"Bracco, Jean-Pierre. 1991. “Typologie, Technologie et Matières Premières Des Industries Du Très Ancien Paléolithique En Velay (Massif-Central, France). Premiers Résultats.” In Les Premiers Européens. Actes Du 114e Congrès National Des Sociétés Savantes (Paris, 30-9 Avril 1989), edited by Eugène Bonifay and Bernard Vandermeersch, 93–100. Paris: Editions du C.T.H.S.",
Europe,South West,42.350678,-3.518949,Sima del Elefante,Mode 1,0,86,0,1.3,1.2,0.1,paleomag; fauna,1,excavated,,,1,,,1,"de Lombera-Hermida, Arturo, Amèlia Bargalló, Marcos Terradillos-Bernal, Rosa Huguet, Josep Vallverdú, Maria Dolores García-Antón, Marina Mosquera, et al. 2015. “The Lithic Industry of Sima Del Elefante (Atapuerca, Burgos, Spain) in the Context of Early and Middle Pleistocene Technology in Europe.” Journal of Human Evolution 82: 95–106. doi:10.1016/j.jhevol.2015.03.002.",
Europe,South West,42.350678,-3.518949,Gran Dolina,Mode 1,0,4459,0,0.95,0.9,0.05,ESR; U-series; TL; paleomag; fauna,1,excavated,,,,1,,1,"Carbonell, Eudald, Maria Dolores García-Antón, Carolina Mallol, Marina Mosquera, Andreu Ollé, Xosé P. Rodríguez, Mohamed Sahnouni, Robert Sala, and Josep Maria Vergès. 1999a. &ldquo;The TD6 Level Lithic Industry from Gran Dolina, Atapuerca (Burgos, Spain): Production and Use.&rdquo; Journal of Human Evolution 37: 653–693.",
,,,,,,,,,,,,,,,,,,,,,,
hominin remains,"Carrión, J. S., Rose, J., & Stringer, C. (2011). Early Human Evolution in the Western Palaearctic: Ecological Scenarios. Quaternary Science Reviews, 30(11-12), 1281–1295. http://doi.org/10.1016/j.quascirev.2011.04.003",,,,,,,,,,,,,,,,,,,,,
websites used,http://www.latlong.net,http://www.rcn.montana.edu/resources/converter.aspx,,,,,,,,,,,,,,,,,,,,
,,,,,,,,,,,,,,,,,,,,,,
reliability,,,,,,,,,,,,,,,,,,,,,,
1,definitely reliable,date and finds certain,,,,,,,,,,,,,,,,,,,,
2,a strong maybe,wide dating range; dating 2-3; if assemblage controversial at least one academic not involved in its discovery confirmed ,,,,,,,,,,,,,,,,,,,,
3,almost certainly not reliable,"unreliable dating, surface find, v. small assemblage, assemblage controversial",,,,,,,,,,,,,,,,,,,,
for 3,for 1,,,,,,,,,,,,,,,,,,,,,
wide range >0.5,,,,,,,,,,,,,,,,,,,,,,
size below 50 (unless human remains),size over 50,,,,,,,,,,,,,,,,,,,,,
surface,excavated,,,,,,,,,,,,,,,,,,,,,
dating quality = 4,dating quality = 1,,,,,,,,,,,,,,,,,,,,,